"_id","number_id","type","Entrance_to_road","day","hour","special_day","current_section","direction","my_prediction","Exit_from_road"
"61025c1b1eec386394effb94",1,"Bus",1,"Thursday","16:00",0,1,"1",-1,4
"6102639eaa459c4da8821c66",2,"Bus",1,"Thursday","17:00",0,1,"1",-1,4
"610263bf7412a623d863d464",5,"Bus",1,"Tuesday","15:00",0,1,"1",-1,5
"610280cda897c6602c5eaac4",12,"Private_car",3,"Sunday","13:00",0,3,"1",-1,5
"61028341e41e057d609a2002",12,"truck",1,"Sunday","17:00",0,1,"1",0,6
"6102c5bd45008d300cc34095",12,"Private_car",5,"Wednesday","17:00",0,5,"-1",-1,3
"6102eae0338e0c682434165d",38,"truck",1,"Sunday","17:00",0,1,"1",0,6
"6102ec190cfc44678434e81f",38,"truck",1,"Sunday","17:00",0,1,"1",0,6
"6102ec460cfc44678434e820",12,"Bus",3,"Sunday","13:00",0,3,"-1",-1,1
"6102ec5bde9e3c166c5212fe",39,"truck",1,"Sunday","17:00",0,1,"1",0,6
"6102ece6de9e3c166c5212ff",40,"truck",1,"Sunday","17:00",0,1,"1",0,6
"6102eceade9e3c166c521300",41,"truck",1,"Sunday","17:00",0,1,"1",0,6
"6102ed076e386b76845d510d",12,"Private_car",5,"Tuesday","14:00",0,5,"-1",-1,3
"6102ed3aec2d178634a51226",42,"truck",1,"Sunday","17:00",0,1,"1",0,6
"6102ed57ec2d178634a51227",43,"truck",1,"Sunday","17:00",0,1,"1",0,6
"6102ed85ec2d178634a51228",44,"truck",1,"Sunday","17:00",0,1,"1",0,6
"6102ee0aec2d178634a51229",45,"truck",1,"Sunday","17:00",0,1,"1",0,6
"6102ee30ec2d178634a5122a",46,"truck",1,"Sunday","17:00",0,1,"1",0,6
"6102ee5cec2d178634a5122b",47,"truck",1,"Sunday","17:00",0,1,"1",0,6
"6102eeaf3539be7ee403bdec",48,"truck",1,"Sunday","17:00",0,1,"1",0,6
"6102eee2e8835f86248a5c27",50,"truck",1,"Sunday","17:00",0,1,"1",0,6
"6102ef04e8835f86248a5c28",51,"truck",1,"Sunday","17:00",0,1,"1",0,6
"6102ef2ae8835f86248a5c29",52,"truck",1,"Sunday","17:00",0,1,"1",0,6
"6102ef44e8835f86248a5c2a",53,"truck",1,"Sunday","17:00",0,1,"1",0,6
"6102ef4fe8835f86248a5c2b",54,"truck",1,"Sunday","17:00",0,1,"1",0,6
"6102ef59e8835f86248a5c2c",55,"truck",1,"Sunday","17:00",0,1,"1",0,6
"6102ef95e8835f86248a5c2d",56,"truck",1,"Sunday","17:00",0,1,"1",0,6
"6102efcde8835f86248a5c2e",57,"truck",1,"Sunday","17:00",0,1,"1",0,6
"6102eff426d20a7ca815a0d5",58,"truck",1,"Sunday","17:00",0,1,"1",0,6
"6102f00926d20a7ca815a0d6",59,"truck",1,"Sunday","17:00",0,1,"1",0,6
"6102f02526d20a7ca815a0d7",12,"Bus",3,"Monday","13:00",0,3,"-1",-1,2
"6102f02626d20a7ca815a0d8",12,"Bus",3,"Monday","13:00",0,3,"-1",-1,2
"6102f0c528ec536f48724c76",60,"truck",1,"Sunday","17:00",0,1,"1",0,6
"6102f0dc59f9c665f8e9f61a",101,"truck",1,"Sunday","17:00",0,1,"1",0,6
"6102f1002a3360784cca4f6e",102,"truck",1,"Sunday","17:00",0,1,"1",0,6
"6102f1825e0d06886857125f",104,"truck",1,"Sunday","17:00",0,1,"1",0,6
"6102f1c65e0d068868571260",105,"truck",1,"Sunday","17:00",0,1,"1",0,6
"6102f1ff5e0d068868571261",106,"truck",1,"Sunday","17:00",0,1,"1",0,6
"6102f2055e0d068868571262",107,"truck",1,"Sunday","17:00",0,1,"1",0,6
"6102f2095e0d068868571263",108,"truck",1,"Sunday","17:00",0,1,"1",0,6
"6102f3c65e0d068868571264",109,"truck",1,"Sunday","17:00",0,1,"1",0,6
"6102f3ca5e0d068868571265",110,"truck",1,"Sunday","17:00",0,1,"1",0,6
"6102f3cc5e0d068868571266",111,"truck",1,"Sunday","17:00",0,1,"1",0,6
"6102f57b5e0d068868571267",112,"truck",1,"Sunday","17:00",0,1,"1",0,6
"6102f57e5e0d068868571268",113,"truck",1,"Sunday","17:00",0,1,"1",0,6
"6102f5815e0d068868571269",114,"truck",1,"Sunday","17:00",0,1,"1",0,6
"6102f5905e0d06886857126a",115,"truck",1,"Sunday","17:00",0,1,"1",0,6
"6102f5935e0d06886857126b",116,"truck",1,"Sunday","17:00",0,1,"1",0,6
"6102f5965e0d06886857126c",117,"truck",1,"Sunday","17:00",0,1,"1",0,6
"6102f67f5e0d06886857126d",118,"truck",1,"Sunday","17:00",0,1,"1",0,6
"6102f6825e0d06886857126e",119,"truck",1,"Sunday","17:00",0,1,"1",0,6
"6102f6865e0d06886857126f",120,"truck",1,"Sunday","17:00",0,1,"1",0,6
"6102f7525e0d068868571270",12,"Bus",3,"Sunday","13:00",0,3,"-1",-1,2
"6102f7e9ff3b517430900f96",12,"truck",1,"Saturday","17:00",0,1,"1",0,6
"6102f83c629cc85704f611ed",12,"Private_car",5,"Monday","13:00",0,5,"-1",-1,2
"6102f8739c6f1151dc876d55",12,"truck",6,"Wednesday","15:00",0,6,"-1",0,2
"6102f8749c6f1151dc876d56",12,"truck",6,"Wednesday","15:00",0,6,"-1",0,2
"6102f89c3f10f371f8d7caa2",12,"truck",1,"Saturday","17:00",0,1,"1",0,5
"6102f9292258697500997f82",12,"Bus",3,"Sunday","13:00",0,3,"-1",-1,1
"6102f959609b2e7bac9c717a",12,"truck",1,"Saturday","17:00",0,1,"1",0,6
"6102f9bedaa1c546589f65d7",12,"Bus",3,"Sunday","13:00",0,3,"-1",-1,1
"6102fa1e061e9b7f14a31b72",12,"Private_car",5,"Monday","16:00",0,5,"-1",-1,2
"6102fa78448a08637cbaf26c",12,"Private_car",5,"Wednesday","17:00",0,5,"-1",-1,3
"6102fa87c2fffb7580e833ab",12,"Bus",3,"Monday","14:00",0,3,"-1",-1,2
"6102faa2dbcf6084ecc30877",12,"Bus",3,"Monday","13:00",0,3,"-1",-1,1
"61066fbb9fe1b36610050551",12,"Private_car",5,"Monday","14:00",0,5,"-1",-1,3
"61066fd39fe1b36610050552",12,"Private_car",3,"Sunday","13:00",0,3,"1",-1,4
"61066fd49fe1b36610050553",12,"Private_car",3,"Sunday","13:00",0,3,"1",-1,4
"610670609fe1b36610050554",12,"truck",6,"Monday","16:00",0,6,"-1",0,1
"610670619fe1b36610050555",12,"truck",6,"Monday","16:00",0,6,"-1",0,1
"610670f3a43d1f8268a58f84",12,"Private_car",3,"Sunday","13:00",0,3,"1",-1,5
"6106710ba43d1f8268a58f85",12,"Bus",3,"Sunday","14:00",0,3,"-1",-1,1
"610672669e20dd8d9858073f",11,"Bus",3,"Monday","14:00",0,3,"-1",-1,2
"610672b89e20dd8d98580740",239,"truck",6,"Tuesday","13:00",0,6,"-1",0,1
"610673069e20dd8d98580741",1852,"truck",6,"Monday","13:00",0,6,"-1",0,1
"610673089e20dd8d98580742",1852,"truck",6,"Monday","13:00",0,6,"-1",0,1
"6106738a9e20dd8d98580743",125,"Private_car",3,"Sunday","13:00",0,3,"1",-1,5
"610673e49e20dd8d98580744",5343,"truck",1,"Saturday","17:00",0,1,"1",0,5
"610673e59e20dd8d98580745",5343,"truck",1,"Saturday","17:00",0,1,"1",0,5
"610674959e20dd8d98580746",6736,"truck",6,"Friday","13:00",0,6,"-1",0,2
"610674969e20dd8d98580747",6736,"truck",6,"Friday","13:00",0,6,"-1",0,2
"6106750f9e20dd8d98580748",2711,"truck",6,"Wednesday","15:00",0,6,"-1",0,2
"610675109e20dd8d98580749",2711,"truck",6,"Wednesday","15:00",0,6,"-1",0,2
"6106752e9e20dd8d9858074a",7386,"truck",1,"Sunday","17:00",0,1,"1",0,5
"610675309e20dd8d9858074b",7386,"truck",1,"Sunday","17:00",0,1,"1",0,5
"6106754b9e20dd8d9858074c",128,"truck",1,"Sunday","17:00",0,1,"1",0,6
"6106759b9e20dd8d9858074d",6805,"truck",1,"Sunday","17:00",0,1,"1",0,6
"610676525414578824a81283",7965,"truck",6,"Thursday","16:00",0,6,"-1",0,2
"610676545414578824a81284",7965,"truck",6,"Thursday","16:00",0,6,"-1",0,2
"610677375414578824a81285",4068,"truck",6,"Friday","14:00",0,6,"-1",0,2
"610677385414578824a81286",4068,"truck",6,"Friday","14:00",0,6,"-1",0,2
"610677a05414578824a81287",29,"truck",6,"Wednesday","16:00",0,6,"-1",0,1
"610677a15414578824a81288",29,"truck",6,"Wednesday","16:00",0,6,"-1",0,1
"610685a3b69eab88382629dc",264,"truck",1,"Sunday","17:00",0,1,"1",0,6
"610687fcd7dd7c4cd045e281",1356,"truck",6,"Monday","15:00",0,6,"-1",0,2
"6106882bd7dd7c4cd045e282",4140,"truck",1,"Sunday","17:00",0,1,"1",0,5
"6106882bd7dd7c4cd045e283",4140,"truck",1,"Sunday","17:00",0,1,"1",0,5
"61068857d7dd7c4cd045e284",2430,"truck",1,"Sunday","17:00",0,1,"1",0,5
"6106887fd7dd7c4cd045e285",2041,"truck",1,"Saturday","17:00",0,1,"1",0,6
"61068902d7dd7c4cd045e286",6626,"truck",6,"Friday","14:00",0,6,"-1",0,2
"61068904d7dd7c4cd045e287",6626,"truck",6,"Friday","14:00",0,6,"-1",0,2
"610689cad7dd7c4cd045e288",5636,"truck",1,"Saturday","17:00",0,1,"1",0,6
"610689cbd7dd7c4cd045e289",5636,"truck",1,"Saturday","17:00",0,1,"1",0,6
"61068aaeea406082d80d98e3",3009,"truck",1,"Sunday","17:00",0,1,"1",0,5
"61068ab1ea406082d80d98e4",3009,"truck",1,"Sunday","17:00",0,1,"1",0,5
"61068ab4ea406082d80d98e5",3009,"truck",1,"Sunday","17:00",0,1,"1",0,5
"61068ab7ea406082d80d98e6",3009,"truck",1,"Sunday","17:00",0,1,"1",0,5
"61068abaea406082d80d98e7",3009,"truck",1,"Sunday","17:00",0,1,"1",0,5
"61068abdea406082d80d98e8",3009,"truck",1,"Sunday","17:00",0,1,"1",0,5
"61068ac1ea406082d80d98e9",3009,"truck",1,"Sunday","17:00",0,1,"1",0,5
"61068ac4ea406082d80d98ea",3009,"truck",1,"Sunday","17:00",0,1,"1",0,5
"61068ac7ea406082d80d98eb",3009,"truck",1,"Sunday","17:00",0,1,"1",0,5
"61068c02fa084e6318e98f7c",8707,"truck",1,"Sunday","17:00",0,1,"1",0,6
"61068c05fa084e6318e98f7d",8707,"truck",1,"Sunday","17:00",0,1,"1",0,6
"61068c08fa084e6318e98f7e",8707,"truck",1,"Sunday","17:00",0,1,"1",0,6
"61068c0bfa084e6318e98f7f",8707,"truck",1,"Sunday","17:00",0,1,"1",0,6
"61068c0efa084e6318e98f80",8707,"truck",1,"Sunday","17:00",0,1,"1",0,6
"61068c11fa084e6318e98f81",8707,"truck",1,"Sunday","17:00",0,1,"1",0,6
"61068c14fa084e6318e98f82",8707,"truck",1,"Sunday","17:00",0,1,"1",0,6
"61068c17fa084e6318e98f83",8707,"truck",1,"Sunday","17:00",0,1,"1",0,6
"61068c1afa084e6318e98f84",8707,"truck",1,"Sunday","17:00",0,1,"1",0,6
"61068c1dfa084e6318e98f85",8707,"truck",1,"Sunday","17:00",0,1,"1",0,6
"61068c20fa084e6318e98f86",8707,"truck",1,"Sunday","17:00",0,1,"1",0,6
"61068c23fa084e6318e98f87",8707,"truck",1,"Sunday","17:00",0,1,"1",0,6
"61068c26fa084e6318e98f88",8707,"truck",1,"Sunday","17:00",0,1,"1",0,6
"61068c29fa084e6318e98f89",8707,"truck",1,"Sunday","17:00",0,1,"1",0,6
"61068c2cfa084e6318e98f8a",8707,"truck",1,"Sunday","17:00",0,1,"1",0,6
"61068c2ffa084e6318e98f8b",8707,"truck",1,"Sunday","17:00",0,1,"1",0,6
"61068d5b1be0a45d6830460f",1477,"truck",1,"Saturday","17:00",0,1,"1",0,5
"61068d5e1be0a45d68304610",7535,"truck",1,"Sunday","17:00",0,1,"1",0,5
"61068d611be0a45d68304611",1477,"truck",1,"Saturday","17:00",0,1,"1",0,5
"61068d641be0a45d68304612",1477,"truck",1,"Saturday","17:00",0,1,"1",0,5
"61068d671be0a45d68304613",1477,"truck",1,"Saturday","17:00",0,1,"1",0,5
"61068d6a1be0a45d68304614",7535,"truck",1,"Sunday","17:00",0,1,"1",0,5
"61068d6d1be0a45d68304615",7535,"truck",1,"Sunday","17:00",0,1,"1",0,5
"61068d701be0a45d68304616",7535,"truck",1,"Sunday","17:00",0,1,"1",0,5
"61068d731be0a45d68304617",7535,"truck",1,"Sunday","17:00",0,1,"1",0,5
"61068d761be0a45d68304618",1477,"truck",1,"Saturday","17:00",0,1,"1",0,5
"61068d791be0a45d68304619",1477,"truck",1,"Saturday","17:00",0,1,"1",0,5
"61068d7c1be0a45d6830461a",7535,"truck",1,"Sunday","17:00",0,1,"1",0,5
"61068d7f1be0a45d6830461b",1477,"truck",1,"Saturday","17:00",0,1,"1",0,5
"61068d821be0a45d6830461c",7535,"truck",1,"Sunday","17:00",0,1,"1",0,5
"61068d851be0a45d6830461d",7535,"truck",1,"Sunday","17:00",0,1,"1",0,5
"61068d881be0a45d6830461e",7535,"truck",1,"Sunday","17:00",0,1,"1",0,5
"61068d8b1be0a45d6830461f",1477,"truck",1,"Saturday","17:00",0,1,"1",0,5
"61068d8e1be0a45d68304620",1477,"truck",1,"Saturday","17:00",0,1,"1",0,5
"6106908153a4e98184b4ceb6",8252,"truck",1,"Sunday","17:00",0,1,"1",0,6
"6106908453a4e98184b4ceb7",2927,"truck",1,"Sunday","17:00",0,1,"1",0,6
"6106908753a4e98184b4ceb8",2927,"truck",1,"Sunday","17:00",0,1,"1",0,6
"6106908a53a4e98184b4ceb9",7822,"truck",1,"Sunday","17:00",0,1,"1",0,5
"6106908d53a4e98184b4ceba",7509,"truck",6,"Tuesday","13:00",0,6,"-1",0,1
"6106909053a4e98184b4cebb",7509,"truck",6,"Tuesday","13:00",0,6,"-1",0,1
"6106909353a4e98184b4cebc",4315,"Bus",3,"Sunday","14:00",0,3,"-1",-1,2
"6106909653a4e98184b4cebd",8252,"truck",1,"Sunday","17:00",0,1,"1",0,6
"6106909953a4e98184b4cebe",2927,"truck",1,"Sunday","17:00",0,1,"1",0,6
"6106909c53a4e98184b4cebf",8463,"truck",1,"Sunday","17:00",0,1,"1",0,6
"6106909f53a4e98184b4cec0",4315,"Bus",3,"Sunday","14:00",0,3,"-1",-1,2
"610690a253a4e98184b4cec1",8252,"truck",1,"Sunday","17:00",0,1,"1",0,6
"610690a553a4e98184b4cec2",2927,"truck",1,"Sunday","17:00",0,1,"1",0,6
"610690a853a4e98184b4cec3",7822,"truck",1,"Sunday","17:00",0,1,"1",0,5
"610690ab53a4e98184b4cec4",7509,"truck",6,"Tuesday","13:00",0,6,"-1",0,1
"610690ae53a4e98184b4cec5",8463,"truck",1,"Sunday","17:00",0,1,"1",0,6
"610690b153a4e98184b4cec6",1296,"Private_car",5,"Wednesday","17:00",0,5,"-1",-1,2
"610690b453a4e98184b4cec7",8306,"Private_car",3,"Sunday","13:00",0,3,"1",-1,5
"610690b753a4e98184b4cec8",8306,"Private_car",3,"Sunday","13:00",0,3,"1",-1,5
"610690ba53a4e98184b4cec9",8252,"truck",1,"Sunday","17:00",0,1,"1",0,6
"610690bd53a4e98184b4ceca",8252,"truck",1,"Sunday","17:00",0,1,"1",0,6
"610690c153a4e98184b4cecb",8252,"truck",1,"Sunday","17:00",0,1,"1",0,6
"610690c353a4e98184b4cecc",8252,"truck",1,"Sunday","17:00",0,1,"1",0,6
"610690c653a4e98184b4cecd",2927,"truck",1,"Sunday","17:00",0,1,"1",0,6
"610690c953a4e98184b4cece",2927,"truck",1,"Sunday","17:00",0,1,"1",0,6
"610690cc53a4e98184b4cecf",2927,"truck",1,"Sunday","17:00",0,1,"1",0,6
"610690cf53a4e98184b4ced0",7822,"truck",1,"Sunday","17:00",0,1,"1",0,5
"610690d253a4e98184b4ced1",8463,"truck",1,"Sunday","17:00",0,1,"1",0,6
"610690d653a4e98184b4ced2",1296,"Private_car",5,"Wednesday","17:00",0,5,"-1",-1,2
"610690d953a4e98184b4ced3",4315,"Bus",3,"Sunday","14:00",0,3,"-1",-1,2
"610690dc53a4e98184b4ced4",8306,"Private_car",3,"Sunday","13:00",0,3,"1",-1,5
"610690df53a4e98184b4ced5",8252,"truck",1,"Sunday","17:00",0,1,"1",0,6
"610690e253a4e98184b4ced6",8252,"truck",1,"Sunday","17:00",0,1,"1",0,6
"610690e553a4e98184b4ced7",2927,"truck",1,"Sunday","17:00",0,1,"1",0,6
"610690e853a4e98184b4ced8",2927,"truck",1,"Sunday","17:00",0,1,"1",0,6
"610690eb53a4e98184b4ced9",1296,"Private_car",5,"Wednesday","17:00",0,5,"-1",-1,2
"610690ee53a4e98184b4ceda",3847,"truck",1,"Saturday","17:00",0,1,"1",0,5
"610690f153a4e98184b4cedb",3847,"truck",1,"Saturday","17:00",0,1,"1",0,5
"610690f453a4e98184b4cedc",3847,"truck",1,"Saturday","17:00",0,1,"1",0,5
"6106918153a4e98184b4cedd",4546,"truck",6,"Thursday","13:00",0,6,"-1",0,1
"6106918453a4e98184b4cede",4546,"truck",6,"Thursday","13:00",0,6,"-1",0,1
"6106918753a4e98184b4cedf",4546,"truck",6,"Thursday","13:00",0,6,"-1",0,1
"6106921253a4e98184b4cee0",8961,"Bus",1,"Wednesday","16:00",0,1,"1",-1,5
"6106921553a4e98184b4cee1",8962,"truck",6,"Thursday","16:00",0,6,"-1",0,1
"6106921853a4e98184b4cee2",8960,"Private_car",5,"Tuesday","14:00",0,5,"-1",-1,2
"6106925253a4e98184b4cee3",3937,"truck",1,"Saturday","17:00",0,1,"1",0,6
"6106925553a4e98184b4cee4",3935,"Private_car",3,"Thursday","13:00",0,3,"1",-1,4
"6106925853a4e98184b4cee5",3936,"Bus",3,"Sunday","14:00",0,3,"-1",-1,1
"6106930053a4e98184b4cee6",3528,"Bus",1,"Thursday","17:00",0,1,"1",-1,5
"6106930353a4e98184b4cee7",3527,"Private_car",5,"Monday","16:00",0,5,"-1",-1,3
"6106930653a4e98184b4cee8",3528,"Bus",1,"Wednesday","16:00",0,1,"1",-1,5
"6106930953a4e98184b4cee9",3527,"Private_car",5,"Wednesday","15:00",0,5,"-1",-1,2
"6106930c53a4e98184b4ceea",3529,"truck",6,"Monday","13:00",0,6,"-1",0,1
"6106930f53a4e98184b4ceeb",3529,"truck",6,"Tuesday","15:00",0,6,"-1",0,2
"6106937053a4e98184b4ceec",1360,"Private_car",5,"Tuesday","14:00",0,5,"-1",-1,3
"6106937353a4e98184b4ceed",1359,"Private_car",5,"Tuesday","16:00",0,5,"-1",-1,3
"6106937653a4e98184b4ceee",1364,"Bus",1,"Friday","16:00",0,1,"1",-1,5
"6106937953a4e98184b4ceef",1370,"truck",1,"Sunday","17:00",0,1,"1",0,6
"6106937c53a4e98184b4cef0",1369,"truck",1,"Sunday","17:00",0,1,"1",0,6
"6106937f53a4e98184b4cef1",1365,"Bus",1,"Thursday","17:00",0,1,"1",-1,4
"610694e053a4e98184b4cef2",1,"Bus",3,"Monday","13:00",0,3,"-1",-1,1
"610694e353a4e98184b4cef3",0,"Private_car",3,"Sunday","13:00",0,3,"1",-1,5
"610694e653a4e98184b4cef4",3,"Private_car",3,"Thursday","13:00",0,3,"1",-1,5
"610694e953a4e98184b4cef5",5,"truck",1,"Sunday","17:00",0,1,"1",0,5
"610694ec53a4e98184b4cef6",2,"truck",1,"Sunday","17:00",0,1,"1",0,5
"610694ef53a4e98184b4cef7",4,"Bus",3,"Sunday","13:00",0,3,"-1",-1,1
"61079cf3f14cc589a02daf42",0,"Private_car",3,"Thursday","13:00",0,3,"1",-1,4
"61079cf6f14cc589a02daf43",1,"Bus",3,"Sunday","13:00",0,3,"-1",-1,2
"61079cf9f14cc589a02daf44",3,"Private_car",3,"Sunday","13:00",0,3,"1",-1,5
"61079cfcf14cc589a02daf45",5,"truck",1,"Sunday","17:00",0,1,"1",0,5
"61079cfff14cc589a02daf46",2,"truck",1,"Sunday","17:00",0,1,"1",0,6
"61079d02f14cc589a02daf47",4,"Bus",3,"Sunday","13:00",0,3,"-1",-1,1
"61079ecdf14cc589a02daf48",0,"Private_car",3,"Thursday","13:00",0,3,"1",-1,5
"61079ed0f14cc589a02daf49",2,"truck",1,"Saturday","17:00",0,1,"1",0,6
"61079ed3f14cc589a02daf4a",3,"Private_car",3,"Thursday","13:00",0,3,"1",-1,5
"61079ed6f14cc589a02daf4b",4,"Bus",3,"Sunday","13:00",0,3,"-1",-1,1
"61079ed9f14cc589a02daf4c",5,"truck",1,"Saturday","17:00",0,1,"1",0,6
"61079edcf14cc589a02daf4d",1,"Bus",3,"Monday","13:00",0,3,"-1",-1,1
"6107a097f14cc589a02daf4e",5,"truck",1,"Sunday","17:00",0,1,"1",0,6
"6107a09af14cc589a02daf4f",3,"Private_car",3,"Sunday","13:00",0,3,"1",-1,5
"6107a09df14cc589a02daf50",0,"Private_car",3,"Thursday","13:00",0,3,"1",-1,4
"6107a0a0f14cc589a02daf51",1,"Bus",3,"Sunday","13:00",0,3,"-1",-1,2
"6107a0a3f14cc589a02daf52",4,"Bus",3,"Sunday","13:00",0,3,"-1",-1,2
"6107a0a6f14cc589a02daf53",2,"truck",1,"Saturday","17:00",0,1,"1",0,5
"6107a0dcf14cc589a02daf54",5,"truck",6,"Tuesday","15:00",0,6,"-1",0,2
"6107a0def14cc589a02daf55",1,"Bus",1,"Wednesday","16:00",0,1,"1",-1,4
"6107a0e1f14cc589a02daf56",4,"Bus",1,"Wednesday","16:00",0,1,"1",-1,5
"6107a0e4f14cc589a02daf57",3,"Private_car",5,"Tuesday","17:00",0,5,"-1",-1,3
"6107a0e7f14cc589a02daf58",0,"Private_car",5,"Monday","16:00",0,5,"-1",-1,2
"6107a0eaf14cc589a02daf59",2,"truck",6,"Monday","14:00",0,6,"-1",0,2
"6107a15b3524153360cc752e",4,"Bus",3,"Monday","13:00",0,3,"-1",-1,1
"6107a15e3524153360cc752f",5,"truck",1,"Saturday","17:00",0,1,"1",0,6
"6107a1603524153360cc7530",2,"truck",1,"Saturday","17:00",0,1,"1",0,5
"6107a1633524153360cc7531",3,"Private_car",3,"Thursday","13:00",0,3,"1",-1,4
"6107a1663524153360cc7532",0,"Private_car",3,"Sunday","13:00",0,3,"1",-1,4
"6107a16a3524153360cc7533",1,"Bus",3,"Sunday","14:00",0,3,"-1",-1,2
"6107a1d837a189703c00cf87",1,"Bus",1,"Thursday","17:00",0,1,"1",-1,5
"6107a1db37a189703c00cf88",2,"truck",6,"Monday","16:00",0,6,"-1",0,2
"6107a1de37a189703c00cf89",5,"truck",6,"Thursday","15:00",0,6,"-1",0,1
"6107a1e137a189703c00cf8a",0,"Private_car",5,"Tuesday","14:00",0,5,"-1",-1,3
"6107a1e437a189703c00cf8b",3,"Private_car",5,"Wednesday","15:00",0,5,"-1",-1,2
"6107a1e737a189703c00cf8c",4,"Bus",1,"Saturday","15:00",0,1,"1",-1,4
"6107a1ea37a189703c00cf8d",0,"Private_car",3,"Thursday","13:00",0,3,"1",-1,4
"6107a1ed37a189703c00cf8e",1,"Bus",3,"Sunday","14:00",0,3,"-1",-1,1
"6107a1f037a189703c00cf8f",4,"Bus",3,"Sunday","13:00",0,3,"-1",-1,2
"6107a1f337a189703c00cf90",2,"truck",1,"Sunday","17:00",0,1,"1",0,5
"6107a1f637a189703c00cf91",3,"Private_car",3,"Sunday","13:00",0,3,"1",-1,5
"6107a1f937a189703c00cf92",5,"truck",1,"Sunday","17:00",0,1,"1",0,5
"6107a79133bb5e38f448af2b",0,"Private_car",3,"Thursday","13:00",0,3,"1",-1,4
"6107a79433bb5e38f448af2c",2,"truck",1,"Sunday","17:00",0,1,"1",0,6
"6107a79733bb5e38f448af2d",3,"Private_car",3,"Sunday","13:00",0,3,"1",-1,5
"6107a79a33bb5e38f448af2e",0,"Private_car",3,"Thursday","13:00",0,3,"1",-1,4
"6107a79d33bb5e38f448af2f",3,"Private_car",3,"Thursday","13:00",0,3,"1",-1,5
"6107a7a033bb5e38f448af30",4,"Bus",3,"Sunday","14:00",0,3,"-1",-1,1
"6107a7a333bb5e38f448af31",0,"Private_car",3,"Thursday","13:00",0,3,"1",-2,5
"6107a7a633bb5e38f448af32",4,"Bus",3,"Sunday","14:00",0,3,"-1",-2,2
"6107a7a933bb5e38f448af33",1,"Bus",1,"Wednesday","15:00",0,1,"1",-2,4
"6107a7ac33bb5e38f448af34",4,"Bus",3,"Monday","14:00",0,3,"-1",-2,2
"6107a7af33bb5e38f448af35",0,"Private_car",3,"Sunday","13:00",0,3,"1",-2,5
"6107a7b233bb5e38f448af36",3,"Private_car",3,"Thursday","13:00",0,3,"1",-2,4
"6107a7b533bb5e38f448af37",4,"Bus",1,"Tuesday","15:00",0,1,"1",-2,5
"6107a7b833bb5e38f448af38",0,"Private_car",3,"Sunday","13:00",0,3,"1",-2,5
"6107a7bb33bb5e38f448af39",2,"truck",1,"Sunday","17:00",0,1,"1",0,5
"6107a7be33bb5e38f448af3a",1,"Bus",1,"Tuesday","17:00",0,1,"1",-2,5
"6107a7c133bb5e38f448af3b",5,"truck",1,"Sunday","17:00",0,1,"1",0,5
"6107a7c433bb5e38f448af3c",1,"Bus",3,"Sunday","13:00",0,3,"-1",-2,1
"6107a7c733bb5e38f448af3d",0,"Private_car",5,"Monday","13:00",0,5,"-1",-2,2
"6107a7ca33bb5e38f448af3e",1,"Bus",1,"Wednesday","16:00",0,1,"1",-2,5
"6107a7cd33bb5e38f448af3f",2,"truck",1,"Saturday","17:00",0,1,"1",0,5
"6107a7d033bb5e38f448af40",1,"Bus",3,"Sunday","14:00",0,3,"-1",-2,1
"6107a8ef48164a79d07cb88a",5,"truck",1,"Sunday","17:00",0,1,"1",6,5
"6107a8f248164a79d07cb88b",0,"Private_car",3,"Thursday","13:00",0,3,"1",4,5
"6107a8f548164a79d07cb88c",2,"truck",1,"Sunday","17:00",0,1,"1",6,6
"6107a8f848164a79d07cb88d",1,"Bus",3,"Monday","13:00",0,3,"-1",1,2
"6107a9d320e9660794395551",0,"Private_car",5,"Tuesday","16:00",0,5,"-1",1,3
"6107a9d620e9660794395552",1,"Bus",1,"Tuesday","16:00",0,1,"1",4,4
"6107a9d920e9660794395553",2,"truck",6,"Monday","16:00",0,6,"-1",1,1
"6107a9dd20e9660794395554",3,"Private_car",5,"Monday","16:00",0,5,"-1",1,2
"6107a9e020e9660794395555",4,"Bus",1,"Saturday","16:00",0,1,"1",4,5
"6107a9e320e9660794395556",5,"truck",6,"Thursday","15:00",0,6,"-1",1,1
"6107ad0b20e9660794395557",0,"Private_car",5,"Tuesday","15:00",0,5,"-1",1,3
"6107ad0e20e9660794395558",1,"Bus",1,"Tuesday","15:00",0,1,"1",4,5
"6107ad1120e9660794395559",2,"truck",6,"Thursday","13:00",0,6,"-1",1,1
"6107ad1420e966079439555a",3,"Private_car",5,"Tuesday","16:00",0,5,"-1",1,3
"6107ad1720e966079439555b",4,"Bus",1,"Friday","15:00",0,1,"1",4,5
"6107ad1a20e966079439555c",5,"truck",6,"Tuesday","16:00",0,6,"-1",1,1
"6107aec720e966079439555d",0,"Private_car",3,"Sunday","13:00",0,3,"1",4,4
"6107aeca20e966079439555e",1,"Bus",3,"Monday","13:00",0,3,"-1",1,1
"6107aecd20e966079439555f",2,"truck",1,"Sunday","17:00",0,1,"1",6,6
"6107aed020e9660794395560",3,"Private_car",3,"Sunday","13:00",0,3,"1",4,4
"6107aed320e9660794395561",4,"Bus",3,"Monday","14:00",0,3,"-1",1,2
"6107aed620e9660794395562",5,"truck",1,"Saturday","17:00",0,1,"1",6,5
"6107af8520e9660794395563",0,"Private_car",5,"Wednesday","17:00",0,5,"-1",1,3
"6107af8920e9660794395564",1,"Bus",1,"Friday","16:00",0,1,"1",4,4
"6107af8c20e9660794395565",2,"truck",6,"Friday","16:00",0,6,"-1",1,2
"6107af8f20e9660794395566",3,"Private_car",5,"Monday","15:00",0,5,"-1",1,2
"6107af9220e9660794395567",4,"Bus",1,"Wednesday","15:00",0,1,"1",4,5
"6107af9520e9660794395568",5,"truck",6,"Wednesday","13:00",0,6,"-1",1,1
"6107b0d120e9660794395569",0,"Private_car",3,"Thursday","13:00",0,3,"1",4,5
"6107b0d320e966079439556a",1,"Bus",3,"Sunday","13:00",0,3,"-1",1,2
"6107b0d720e966079439556b",2,"truck",1,"Sunday","17:00",0,1,"1",6,5
"6107b0da20e966079439556c",3,"Private_car",3,"Sunday","13:00",0,3,"1",4,4
"6107b0de20e966079439556d",4,"Bus",3,"Monday","13:00",0,3,"-1",1,2
"6107b0e020e966079439556e",5,"truck",1,"Sunday","17:00",0,1,"1",6,6
"6107b3c620e966079439556f",0,"Private_car",5,"Monday","16:00",0,5,"-1",1,3
"6107b3c920e9660794395570",1,"Bus",1,"Tuesday","16:00",0,1,"1",4,4
"6107b3cc20e9660794395571",2,"truck",6,"Friday","16:00",0,6,"-1",1,2
"6107b3d020e9660794395572",3,"Private_car",5,"Tuesday","16:00",0,5,"-1",1,2
"6107b3d320e9660794395573",4,"Bus",1,"Saturday","17:00",0,1,"1",4,5
"6107b3d620e9660794395574",5,"truck",6,"Tuesday","15:00",0,6,"-1",1,1
"6107b4c520e9660794395575",0,"Private_car",3,"Sunday","13:00",0,3,"1",4,4
"6107b4c820e9660794395576",1,"Bus",3,"Monday","13:00",0,3,"-1",1,2
"6107b4cc20e9660794395577",2,"truck",1,"Sunday","17:00",0,1,"1",6,5
"6107b4cf20e9660794395578",3,"Private_car",3,"Thursday","13:00",0,3,"1",4,4
"6107b4d220e9660794395579",4,"Bus",3,"Monday","13:00",0,3,"-1",1,2
"6107b4d520e966079439557a",5,"truck",1,"Saturday","17:00",0,1,"1",6,6
"6107b65720e966079439557b",0,"Private_car",5,"Monday","15:00",0,5,"-1",1,2
"6107b65b20e966079439557c",1,"Bus",1,"Friday","16:00",0,1,"1",4,4
"6107b65e20e966079439557d",2,"truck",6,"Thursday","13:00",0,6,"-1",1,2
"6107b66120e966079439557e",3,"Private_car",5,"Tuesday","14:00",0,5,"-1",1,2
"6107b66420e966079439557f",4,"Bus",1,"Wednesday","16:00",0,1,"1",4,4
"6107b66720e9660794395580",5,"truck",6,"Friday","16:00",0,6,"-1",1,1
"6107b6c920e9660794395581",0,"Private_car",3,"Thursday","13:00",0,3,"1",4,4
"6107b6cd20e9660794395582",1,"Bus",3,"Sunday","14:00",0,3,"-1",1,1
"6107b6d020e9660794395583",2,"truck",1,"Saturday","17:00",0,1,"1",6,6
"6107b6d320e9660794395584",3,"Private_car",3,"Sunday","13:00",0,3,"1",4,5
"6107b6d620e9660794395585",4,"Bus",3,"Sunday","14:00",0,3,"-1",1,2
"6107b6d920e9660794395586",5,"truck",1,"Sunday","17:00",0,1,"1",6,5
"6107b79520e9660794395587",0,"Private_car",3,"Thursday","13:00",0,3,"1",4,4
"6107b79920e9660794395588",1,"Bus",3,"Sunday","14:00",0,3,"-1",1,2
"6107b79c20e9660794395589",2,"truck",1,"Sunday","17:00",0,1,"1",6,6
"6107b79f20e966079439558a",3,"Private_car",3,"Sunday","13:00",0,3,"1",4,5
"6107b7a220e966079439558b",4,"Bus",3,"Monday","13:00",0,3,"-1",1,1
"6107b7a520e966079439558c",5,"truck",1,"Saturday","17:00",0,1,"1",6,5
"6107b86820e966079439558d",0,"Private_car",5,"Monday","14:00",0,5,"-1",1,2
"6107b86b20e966079439558e",1,"Bus",1,"Friday","15:00",0,1,"1",4,4
"6107b86e20e966079439558f",2,"truck",1,"Sunday","17:00",0,1,"1",6,5
"6107b87120e9660794395590",3,"Private_car",5,"Wednesday","16:00",0,5,"-1",1,3
"6107b87420e9660794395591",4,"Bus",1,"Saturday","15:00",0,1,"1",4,4
"6107b87720e9660794395592",5,"truck",1,"Sunday","17:00",0,1,"1",6,6
"6107c62220e9660794395593",0,"Private_car",3,"Thursday","13:00",0,3,"1",4,4
"6107c62520e9660794395594",1,"Bus",3,"Sunday","13:00",0,3,"-1",1,1
"6107c62820e9660794395595",2,"truck",1,"Sunday","17:00",0,1,"1",6,6
"6107c62b20e9660794395596",3,"Private_car",3,"Sunday","13:00",0,3,"1",4,4
"6107c62e20e9660794395597",4,"Bus",3,"Sunday","14:00",0,3,"-1",1,2
"6107c63120e9660794395598",5,"truck",1,"Saturday","17:00",0,1,"1",6,5
"6107cda76e200c61c4afa84c",0,"Private_car",5,"Wednesday","16:00",0,5,"-1",1,2
"6107cdaa6e200c61c4afa84d",2,"truck",1,"Saturday","17:00",0,1,"1",6,5
"6107cdad6e200c61c4afa84e",0,"Private_car",5,"Monday","16:00",0,5,"-1",1,3
"6107cdb06e200c61c4afa84f",4,"Bus",1,"Wednesday","16:00",0,1,"1",4,4
"6107cdb36e200c61c4afa850",5,"truck",1,"Saturday","17:00",0,1,"1",6,5
"6107cdb66e200c61c4afa851",0,"Private_car",3,"Sunday","13:00",0,3,"1",4,4
"6107cdb96e200c61c4afa852",3,"Private_car",5,"Wednesday","17:00",0,5,"-1",1,2
"6107cdbc6e200c61c4afa853",1,"Bus",1,"Tuesday","17:00",0,1,"1",4,4
"6107cdbf6e200c61c4afa854",1,"Bus",1,"Saturday","15:00",0,1,"1",4,4
"6107cdc26e200c61c4afa855",2,"truck",6,"Friday","14:00",0,6,"-1",1,2
"6107cdc56e200c61c4afa856",0,"Private_car",3,"Sunday","13:00",0,3,"1",4,5
"6107cdc86e200c61c4afa857",1,"Bus",3,"Sunday","13:00",0,3,"-1",1,1
"6107cdcb6e200c61c4afa858",2,"truck",1,"Saturday","17:00",0,1,"1",6,6
"6107cdce6e200c61c4afa859",3,"Private_car",3,"Thursday","13:00",0,3,"1",4,5
"6107cdd16e200c61c4afa85a",4,"Bus",3,"Sunday","13:00",0,3,"-1",1,2
"6107cdd46e200c61c4afa85b",5,"truck",1,"Sunday","17:00",0,1,"1",6,5
"6107d85ad7df3b954063d029",0,"Private_car",5,"Monday","15:00",0,5,"-1",1,2
"6107d85dd7df3b954063d02a",1,"Bus",3,"Monday","14:00",0,3,"-1",1,2
"6107d860d7df3b954063d02b",3,"Private_car",5,"Tuesday","15:00",0,5,"-1",1,3
"6107d863d7df3b954063d02c",0,"Private_car",5,"Tuesday","17:00",0,5,"-1",1,2
"6107d866d7df3b954063d02d",5,"truck",1,"Sunday","17:00",0,1,"1",6,5
"6107d869d7df3b954063d02e",0,"Private_car",5,"Wednesday","14:00",0,5,"-1",1,2
"6107d86cd7df3b954063d02f",2,"truck",1,"Saturday","17:00",0,1,"1",6,6
"6107d86fd7df3b954063d030",1,"Bus",1,"Wednesday","17:00",0,1,"1",4,4
"6107d872d7df3b954063d031",2,"truck",1,"Saturday","17:00",0,1,"1",6,5
"6107d875d7df3b954063d032",3,"Private_car",5,"Wednesday","13:00",0,5,"-1",1,2
"6107d878d7df3b954063d033",1,"Bus",1,"Saturday","15:00",0,1,"1",4,5
"6107d87bd7df3b954063d034",0,"Private_car",3,"Thursday","13:00",0,3,"1",4,4
"6107d87ed7df3b954063d035",1,"Bus",3,"Sunday","14:00",0,3,"-1",1,1
"6107d881d7df3b954063d036",4,"Bus",3,"Sunday","14:00",0,3,"-1",1,2
"6107d884d7df3b954063d037",2,"truck",1,"Sunday","17:00",0,1,"1",6,6
"6107d887d7df3b954063d038",4,"Bus",1,"Thursday","16:00",0,1,"1",4,5
"6107d88ad7df3b954063d039",0,"Private_car",5,"Wednesday","17:00",0,5,"-1",1,3
"6107d88dd7df3b954063d03a",2,"truck",1,"Sunday","17:00",0,1,"1",6,5
"6107d890d7df3b954063d03b",2,"truck",1,"Sunday","17:00",0,1,"1",6,6
"6107d893d7df3b954063d03c",1,"Bus",3,"Sunday","13:00",0,3,"-1",1,2
"6107d896d7df3b954063d03d",6,"Private_car",5,"Wednesday","17:00",0,5,"-1",1,2
"6107d899d7df3b954063d03e",0,"Private_car",5,"Tuesday","16:00",0,5,"-1",1,3
"6107d89cd7df3b954063d03f",1,"Bus",1,"Tuesday","16:00",0,1,"1",4,5
"6107d89fd7df3b954063d040",2,"truck",6,"Thursday","15:00",0,6,"-1",1,2
"6107d9ab83980282002705cb",2,"truck",1,"Saturday","17:00",0,1,"1",6,6
"6107d9ae83980282002705cc",0,"Private_car",5,"Tuesday","13:00",0,5,"-1",1,3
"6107d9b183980282002705cd",0,"Private_car",3,"Thursday","13:00",0,3,"1",4,5
"6107d9b483980282002705ce",0,"Private_car",5,"Wednesday","15:00",0,5,"-1",1,3
"6107d9b783980282002705cf",2,"truck",1,"Saturday","17:00",0,1,"1",6,6
"6107d9ba83980282002705d0",0,"Private_car",3,"Sunday","13:00",0,3,"1",4,5
"6107d9bd83980282002705d1",1,"Bus",1,"Saturday","16:00",0,1,"1",4,5
"6107d9c083980282002705d2",0,"Private_car",3,"Thursday","13:00",0,3,"1",4,4
"6107d9c383980282002705d3",0,"Private_car",3,"Sunday","13:00",0,3,"1",4,4
"6107d9c683980282002705d4",0,"Private_car",3,"Sunday","13:00",0,3,"1",4,5
"6107d9c983980282002705d5",1,"Bus",3,"Sunday","14:00",0,3,"-1",1,2
"6107d9cc83980282002705d6",1,"Bus",3,"Monday","13:00",0,3,"-1",1,2
"6107d9cf83980282002705d7",3,"Private_car",3,"Thursday","13:00",0,3,"1",4,4
"6107d9d283980282002705d8",1,"Bus",3,"Monday","14:00",0,3,"-1",1,2
"6107d9d583980282002705d9",1,"Bus",3,"Monday","14:00",0,3,"-1",1,1
"6107d9d883980282002705da",1,"Bus",3,"Monday","13:00",0,3,"-1",1,1
"6107d9db83980282002705db",0,"Private_car",5,"Monday","15:00",0,5,"-1",1,2
"6107d9df83980282002705dc",4,"Bus",3,"Monday","14:00",0,3,"-1",1,2
"6107d9e183980282002705dd",5,"truck",1,"Saturday","17:00",0,1,"1",6,5
"6107d9e483980282002705de",6,"Private_car",3,"Thursday","13:00",0,3,"1",4,4
"6107d9e783980282002705df",7,"Bus",3,"Monday","13:00",0,3,"-1",1,1
"6107d9ea83980282002705e0",8,"truck",1,"Sunday","17:00",0,1,"1",6,5
"6107d9ed83980282002705e1",9,"Private_car",3,"Sunday","13:00",0,3,"1",4,5
"6107d9f083980282002705e2",10,"Bus",3,"Monday","14:00",0,3,"-1",1,1
"6107d9f383980282002705e3",11,"truck",1,"Saturday","17:00",0,1,"1",6,6
"6107d9f683980282002705e4",12,"Private_car",3,"Thursday","13:00",0,3,"1",4,4
"6107d9f983980282002705e5",13,"Bus",3,"Sunday","13:00",0,3,"-1",1,2
"6107d9fc83980282002705e6",14,"truck",1,"Sunday","17:00",0,1,"1",6,5
"6107d9ff83980282002705e7",15,"Private_car",3,"Sunday","13:00",0,3,"1",4,4
"6107da0283980282002705e8",16,"Bus",3,"Sunday","14:00",0,3,"-1",1,1
"6107da0583980282002705e9",17,"truck",1,"Sunday","17:00",0,1,"1",6,6
"6107da0883980282002705ea",18,"Private_car",3,"Thursday","13:00",0,3,"1",4,4
"6107da0b83980282002705eb",19,"Bus",3,"Sunday","13:00",0,3,"-1",1,1
"6107da0f83980282002705ec",20,"truck",1,"Saturday","17:00",0,1,"1",6,5
"6107db3383980282002705ed",0,"Private_car",3,"Sunday","13:00",0,3,"1",4,5
"6107db3683980282002705ee",1,"Bus",3,"Sunday","14:00",0,3,"-1",1,1
"6107db3983980282002705ef",2,"truck",1,"Saturday","17:00",0,1,"1",6,5
"6107db3c83980282002705f0",3,"Private_car",3,"Thursday","13:00",0,3,"1",4,5
"6107db3f83980282002705f1",4,"Bus",3,"Sunday","13:00",0,3,"-1",1,1
"6107db4283980282002705f2",5,"truck",1,"Sunday","17:00",0,1,"1",6,5
"6107db4583980282002705f3",6,"Private_car",3,"Thursday","13:00",0,3,"1",4,5
"6107db4883980282002705f4",7,"Bus",3,"Monday","14:00",0,3,"-1",1,2
"6107db4b83980282002705f5",8,"truck",1,"Sunday","17:00",0,1,"1",6,6
"6107db4e83980282002705f6",9,"Private_car",3,"Sunday","13:00",0,3,"1",4,4
"6107db5183980282002705f7",10,"Bus",3,"Sunday","14:00",0,3,"-1",1,2
"6107db5483980282002705f8",11,"truck",1,"Sunday","17:00",0,1,"1",6,5
"6107db5783980282002705f9",12,"Private_car",3,"Sunday","13:00",0,3,"1",4,4
"6107db5a83980282002705fa",13,"Bus",3,"Monday","13:00",0,3,"-1",1,2
"6107db5d83980282002705fb",14,"truck",1,"Saturday","17:00",0,1,"1",6,6
"6107db6083980282002705fc",15,"Private_car",3,"Sunday","13:00",0,3,"1",4,4
"6107db6383980282002705fd",16,"Bus",3,"Sunday","13:00",0,3,"-1",1,1
"6107db6683980282002705fe",17,"truck",1,"Saturday","17:00",0,1,"1",6,5
"6107db6983980282002705ff",18,"Private_car",3,"Thursday","13:00",0,3,"1",4,4
"6107db6c8398028200270600",19,"Bus",3,"Sunday","14:00",0,3,"-1",1,2
"6107db6f8398028200270601",20,"truck",1,"Saturday","17:00",0,1,"1",6,6
"6107dd178398028200270602",0,"Private_car",5,"Tuesday","13:00",0,5,"-1",2,2
"6107dd1a8398028200270603",1,"Bus",1,"Friday","16:00",0,1,"1",5,4
"6107dd1d8398028200270604",2,"truck",1,"Sunday","17:00",0,1,"1",5,5
"6107dd208398028200270605",3,"Private_car",5,"Wednesday","17:00",0,5,"-1",2,2
"6107dd238398028200270606",4,"Bus",1,"Tuesday","15:00",0,1,"1",5,5
"6107dd268398028200270607",5,"truck",1,"Saturday","17:00",0,1,"1",5,5
"6107dd298398028200270608",6,"Private_car",5,"Wednesday","13:00",0,5,"-1",2,2
"6107dd2c8398028200270609",7,"Bus",1,"Wednesday","16:00",0,1,"1",5,5
"6107dd2f839802820027060a",8,"truck",1,"Sunday","17:00",0,1,"1",5,6
"6107dd32839802820027060b",9,"Private_car",5,"Wednesday","16:00",0,5,"-1",2,3
"6107dd35839802820027060c",10,"Bus",1,"Saturday","15:00",0,1,"1",5,4
"6107dd38839802820027060d",11,"truck",1,"Sunday","17:00",0,1,"1",5,5
"6107dd3b839802820027060e",12,"Private_car",5,"Monday","16:00",0,5,"-1",2,3
"6107dd3f839802820027060f",13,"Bus",1,"Thursday","16:00",0,1,"1",5,5
"6107dd418398028200270610",14,"truck",1,"Saturday","17:00",0,1,"1",5,5
"6107dd448398028200270611",15,"Private_car",5,"Wednesday","13:00",0,5,"-1",2,2
"6107dd478398028200270612",16,"Bus",1,"Tuesday","17:00",0,1,"1",5,4
"6107dd4a8398028200270613",17,"truck",1,"Saturday","17:00",0,1,"1",5,5
"6107dd4e8398028200270614",18,"Private_car",5,"Tuesday","13:00",0,5,"-1",2,3
"6107dd518398028200270615",19,"Bus",1,"Friday","17:00",0,1,"1",5,4
"6107dd548398028200270616",20,"truck",1,"Sunday","17:00",0,1,"1",5,6
"6107de628398028200270617",0,"Private_car",3,"Sunday","13:00",0,3,"1",5,4
"6107de658398028200270618",1,"Bus",3,"Sunday","14:00",0,3,"-1",1,2
"6107de698398028200270619",2,"truck",1,"Saturday","17:00",0,1,"1",5,6
"6107df58839802820027061a",0,"Private_car",3,"Sunday","13:00",0,3,"1",5,5
"6107df5a839802820027061b",1,"Bus",3,"Sunday","13:00",0,3,"-1",1,1
"6107df5d839802820027061c",2,"truck",1,"Sunday","17:00",0,1,"1",5,5
"6107e0f2839802820027061d",1,"Bus",3,"Sunday","14:00",0,3,"-1",1,2
"6107e126abfa4b97482bd40e",0,"Private_car",5,"Wednesday","15:00",0,5,"-1",2,3
"6107e129abfa4b97482bd40f",1,"Bus",1,"Thursday","17:00",0,1,"1",5,5
"6107e12cabfa4b97482bd410",2,"truck",1,"Saturday","17:00",0,1,"1",5,6
"6107e236abfa4b97482bd411",0,"Private_car",3,"Sunday","13:00",0,3,"1",4,4
"6107e239abfa4b97482bd412",1,"Bus",3,"Sunday","14:00",0,3,"-1",1,1
"6107e23cabfa4b97482bd413",2,"truck",1,"Sunday","17:00",0,1,"1",5,6
"6107e276abfa4b97482bd414",0,"Private_car",3,"Sunday","13:00",0,3,"1",4,4
"6107e27babfa4b97482bd415",1,"Bus",3,"Monday","13:00",0,3,"-1",1,1
"6107e27eabfa4b97482bd416",2,"truck",1,"Saturday","17:00",0,1,"1",5,6
"6107e2f5abfa4b97482bd417",0,"Private_car",3,"Thursday","13:00",0,3,"1",4,5
"6107e2f8abfa4b97482bd418",1,"Bus",3,"Monday","14:00",0,3,"-1",1,1
"6107e2fbabfa4b97482bd419",2,"truck",1,"Saturday","17:00",0,1,"1",5,5
"6108237dff6c5b8638a875f4",2,"truck",1,"Saturday","17:00",0,1,"1",5,5
"61082380ff6c5b8638a875f5",1,"Bus",1,"Friday","16:00",0,1,"1",4,5
"61082383ff6c5b8638a875f6",1,"Bus",3,"Monday","14:00",0,3,"-1",1,1
"61082386ff6c5b8638a875f7",2,"truck",1,"Sunday","17:00",0,1,"1",5,5
"61082389ff6c5b8638a875f8",0,"Private_car",3,"Sunday","13:00",0,3,"1",4,5
"6108238cff6c5b8638a875f9",0,"Private_car",3,"Sunday","13:00",0,3,"1",4,5
"6108238fff6c5b8638a875fa",2,"truck",1,"Sunday","17:00",0,1,"1",5,6
"61082392ff6c5b8638a875fb",1,"Bus",3,"Monday","14:00",0,3,"-1",1,2
"61082395ff6c5b8638a875fc",1,"Bus",1,"Saturday","16:00",0,1,"1",4,4
"61082398ff6c5b8638a875fd",2,"truck",6,"Wednesday","15:00",0,6,"-1",1,2
"6108239bff6c5b8638a875fe",2,"truck",6,"Monday","16:00",0,6,"-1",1,2
"6108239eff6c5b8638a875ff",1,"Bus",3,"Monday","13:00",0,3,"-1",1,1
"610823a1ff6c5b8638a87600",0,"Private_car",5,"Tuesday","17:00",0,5,"-1",2,3
"610823a4ff6c5b8638a87601",0,"Private_car",5,"Monday","14:00",0,5,"-1",2,2
"610823a7ff6c5b8638a87602",0,"Private_car",5,"Wednesday","15:00",0,5,"-1",2,3
"610823aaff6c5b8638a87603",1,"Bus",1,"Friday","15:00",0,1,"1",4,5
"610823aeff6c5b8638a87604",2,"truck",6,"Friday","14:00",0,6,"-1",1,2
"610823b1ff6c5b8638a87605",0,"Private_car",3,"Thursday","13:00",0,3,"1",4,4
"610823b4ff6c5b8638a87606",1,"Bus",3,"Monday","14:00",0,3,"-1",1,1
"610823b7ff6c5b8638a87607",0,"Private_car",3,"Sunday","13:00",0,3,"1",4,5
"6108240fff6c5b8638a87608",0,"Private_car",3,"Sunday","13:00",0,3,"1",4,5
"61082413ff6c5b8638a87609",1,"Bus",3,"Sunday","14:00",0,3,"-1",1,1
"61082416ff6c5b8638a8760a",2,"truck",1,"Saturday","17:00",0,1,"1",5,5
"61082475ff6c5b8638a8760b",0,"Private_car",5,"Wednesday","17:00",0,5,"-1",2,2
"61082478ff6c5b8638a8760c",1,"Bus",1,"Thursday","17:00",0,1,"1",4,5
"6108247bff6c5b8638a8760d",2,"truck",6,"Monday","13:00",0,6,"-1",1,2
"6108247eff6c5b8638a8760e",3,"Private_car",5,"Wednesday","16:00",0,5,"-1",2,2
"61082481ff6c5b8638a8760f",4,"Bus",1,"Friday","16:00",0,1,"1",4,5
"61082484ff6c5b8638a87610",5,"truck",6,"Friday","13:00",0,6,"-1",1,2
"61082487ff6c5b8638a87611",6,"Private_car",5,"Wednesday","16:00",0,5,"-1",2,3
"6108248aff6c5b8638a87612",7,"Bus",1,"Saturday","17:00",0,1,"1",4,5
"6108248dff6c5b8638a87613",8,"truck",6,"Thursday","16:00",0,6,"-1",1,1
"61082490ff6c5b8638a87614",9,"Private_car",5,"Tuesday","15:00",0,5,"-1",2,2
"61082493ff6c5b8638a87615",10,"Bus",1,"Friday","17:00",0,1,"1",4,5
"61082496ff6c5b8638a87616",11,"truck",6,"Thursday","16:00",0,6,"-1",1,2
"61082499ff6c5b8638a87617",12,"Private_car",5,"Wednesday","14:00",0,5,"-1",2,2
"6108249cff6c5b8638a87618",13,"Bus",1,"Thursday","15:00",0,1,"1",4,5
"6108249fff6c5b8638a87619",14,"truck",6,"Wednesday","14:00",0,6,"-1",1,1
"610824a2ff6c5b8638a8761a",15,"Private_car",5,"Monday","16:00",0,5,"-1",2,3
"610824a5ff6c5b8638a8761b",16,"Bus",1,"Thursday","16:00",0,1,"1",4,4
"610824a8ff6c5b8638a8761c",17,"truck",6,"Thursday","13:00",0,6,"-1",1,2
"610824abff6c5b8638a8761d",18,"Private_car",5,"Tuesday","15:00",0,5,"-1",2,2
"610824afff6c5b8638a8761e",19,"Bus",1,"Friday","15:00",0,1,"1",4,5
"610824b2ff6c5b8638a8761f",20,"truck",6,"Friday","13:00",0,6,"-1",1,2
"610827c1ff6c5b8638a87620",0,"Private_car",3,"Thursday","13:00",0,3,"1",4,5
"610827c4ff6c5b8638a87621",1,"Bus",3,"Monday","14:00",0,3,"-1",1,2
"610827c7ff6c5b8638a87622",2,"truck",1,"Sunday","17:00",0,1,"1",5,5
"610827caff6c5b8638a87623",3,"Private_car",3,"Thursday","13:00",0,3,"1",4,4
"610827cdff6c5b8638a87624",4,"Bus",3,"Sunday","13:00",0,3,"-1",1,1
"610827d0ff6c5b8638a87625",5,"truck",1,"Sunday","17:00",0,1,"1",5,5
"610827d3ff6c5b8638a87626",6,"Private_car",3,"Sunday","13:00",0,3,"1",4,5
"610827d6ff6c5b8638a87627",7,"Bus",3,"Monday","14:00",0,3,"-1",1,1
"610827d9ff6c5b8638a87628",8,"truck",1,"Saturday","17:00",0,1,"1",5,5
"61082901a40a6b619c400189",0,"Private_car",5,"Wednesday","14:00",0,5,"-1",2,2
"61082904a40a6b619c40018a",1,"Bus",1,"Saturday","16:00",0,1,"1",4,5
"61082907a40a6b619c40018b",2,"truck",6,"Tuesday","16:00",0,6,"-1",1,1
"6108290aa40a6b619c40018c",3,"Private_car",5,"Wednesday","14:00",0,5,"-1",2,2
"6108290da40a6b619c40018d",4,"Bus",1,"Wednesday","17:00",0,1,"1",4,5
"61082910a40a6b619c40018e",5,"truck",6,"Friday","14:00",0,6,"-1",1,1
"61082913a40a6b619c40018f",6,"Private_car",5,"Monday","13:00",0,5,"-1",2,2
"61082916a40a6b619c400190",7,"Bus",1,"Wednesday","16:00",0,1,"1",4,4
"61082919a40a6b619c400191",8,"truck",6,"Monday","14:00",0,6,"-1",1,1
"6108291ca40a6b619c400192",9,"Private_car",5,"Tuesday","16:00",0,5,"-1",2,3
"6108291fa40a6b619c400193",10,"Bus",1,"Tuesday","16:00",0,1,"1",4,4
"61082922a40a6b619c400194",11,"truck",6,"Wednesday","13:00",0,6,"-1",1,1
"61082925a40a6b619c400195",12,"Private_car",5,"Wednesday","14:00",0,5,"-1",2,3
"61082928a40a6b619c400196",13,"Bus",1,"Thursday","15:00",0,1,"1",4,5
"6108292ba40a6b619c400197",14,"truck",6,"Thursday","15:00",0,6,"-1",1,1
"610829717cb8a897ccb391b2",16,"Bus",1,"Saturday","17:00",0,1,"1",4,4
"610829747cb8a897ccb391b3",17,"truck",6,"Monday","14:00",0,6,"-1",1,2
"610829917cb8a897ccb391b4",0,"Private_car",5,"Wednesday","16:00",0,5,"-1",2,3
"610829947cb8a897ccb391b5",1,"Bus",3,"Monday","13:00",0,3,"-1",1,2
"610829977cb8a897ccb391b6",2,"truck",1,"Saturday","17:00",0,1,"1",5,6
"6108299a7cb8a897ccb391b7",3,"Private_car",5,"Tuesday","15:00",0,5,"-1",2,3
"6108299d7cb8a897ccb391b8",4,"Bus",3,"Sunday","14:00",0,3,"-1",1,1
"610829a07cb8a897ccb391b9",5,"truck",1,"Saturday","17:00",0,1,"1",5,5
"610829a37cb8a897ccb391ba",6,"Private_car",5,"Tuesday","14:00",0,5,"-1",2,3
"610829a67cb8a897ccb391bb",7,"Bus",3,"Monday","14:00",0,3,"-1",1,1
"610829a97cb8a897ccb391bc",8,"truck",1,"Saturday","17:00",0,1,"1",5,5
"610829ac7cb8a897ccb391bd",9,"Private_car",5,"Tuesday","17:00",0,5,"-1",2,2
"610829af7cb8a897ccb391be",10,"Bus",3,"Monday","13:00",0,3,"-1",1,2
"610829c2a953942544f4a56e",11,"truck",1,"Saturday","17:00",0,1,"1",5,6
"610829c6a953942544f4a56f",12,"Private_car",5,"Monday","15:00",0,5,"-1",2,2
"61082a1ba953942544f4a570",0,"Private_car",3,"Sunday","13:00",0,3,"1",4,5
"61082a1ea953942544f4a571",1,"Bus",3,"Sunday","14:00",0,3,"-1",1,1
"61082a21a953942544f4a572",2,"truck",1,"Sunday","17:00",0,1,"1",5,5
"61082a24a953942544f4a573",3,"Private_car",3,"Sunday","13:00",0,3,"1",4,4
"61082a27a953942544f4a574",4,"Bus",3,"Monday","13:00",0,3,"-1",1,1
"61082a2aa953942544f4a575",5,"truck",1,"Sunday","17:00",0,1,"1",5,6
"61082a2da953942544f4a576",6,"Private_car",3,"Thursday","13:00",0,3,"1",4,4
"61082a30a953942544f4a577",7,"Bus",3,"Monday","13:00",0,3,"-1",1,2
"61082a33a953942544f4a578",8,"truck",1,"Sunday","17:00",0,1,"1",5,5
"61082a36a953942544f4a579",9,"Private_car",3,"Sunday","13:00",0,3,"1",4,4
"61082a39a953942544f4a57a",10,"Bus",3,"Monday","13:00",0,3,"-1",1,1
"61082a3ca953942544f4a57b",11,"truck",1,"Saturday","17:00",0,1,"1",5,5
"61082a3fa953942544f4a57c",12,"Private_car",3,"Sunday","13:00",0,3,"1",4,4
"61082a42a953942544f4a57d",13,"Bus",3,"Sunday","14:00",0,3,"-1",1,2
"61082a45a953942544f4a57e",14,"truck",1,"Saturday","17:00",0,1,"1",5,5
"61082a48a953942544f4a57f",15,"Private_car",3,"Sunday","13:00",0,3,"1",4,4
"61082a4ba953942544f4a580",16,"Bus",3,"Sunday","14:00",0,3,"-1",1,2
"61082a4ea953942544f4a581",17,"truck",1,"Saturday","17:00",0,1,"1",5,6
"61082a52a953942544f4a582",18,"Private_car",3,"Thursday","13:00",0,3,"1",4,5
"61082a55a953942544f4a583",19,"Bus",3,"Monday","14:00",0,3,"-1",1,1
"61082a58a953942544f4a584",20,"truck",1,"Saturday","17:00",0,1,"1",5,5
"61082b5fa953942544f4a585",0,"Private_car",3,"Thursday","13:00",0,3,"1",4,5
"61082b63a953942544f4a586",1,"Bus",3,"Monday","13:00",0,3,"-1",1,1
"61082b66a953942544f4a587",2,"truck",1,"Saturday","17:00",0,1,"1",5,5
"61082b69a953942544f4a588",3,"Private_car",3,"Sunday","13:00",0,3,"1",4,5
"61082b6ca953942544f4a589",4,"Bus",3,"Sunday","13:00",0,3,"-1",1,2
"61082b6fa953942544f4a58a",5,"truck",1,"Sunday","17:00",0,1,"1",5,6
"61082b72a953942544f4a58b",6,"Private_car",3,"Sunday","13:00",0,3,"1",4,5
"61082b77a953942544f4a58c",8,"truck",1,"Sunday","17:00",0,1,"1",5,5
"61082b7aa953942544f4a58d",7,"Bus",3,"Monday","13:00",0,3,"-1",1,1
"61082b7da953942544f4a58e",9,"Private_car",3,"Thursday","13:00",0,3,"1",4,5
"61082b80a953942544f4a58f",10,"Bus",3,"Sunday","13:00",0,3,"-1",1,2
"61082b83a953942544f4a590",11,"truck",1,"Sunday","17:00",0,1,"1",5,5
"61082b86a953942544f4a591",12,"Private_car",3,"Sunday","13:00",0,3,"1",4,4
"61082b89a953942544f4a592",13,"Bus",3,"Sunday","13:00",0,3,"-1",1,2
"61082b8ca953942544f4a593",14,"truck",1,"Sunday","17:00",0,1,"1",5,6
"61082b8fa953942544f4a594",15,"Private_car",3,"Sunday","13:00",0,3,"1",4,4
"61082b92a953942544f4a595",16,"Bus",3,"Monday","14:00",0,3,"-1",1,2
"61082b95a953942544f4a596",17,"truck",1,"Sunday","17:00",0,1,"1",5,6
"61082b98a953942544f4a597",18,"Private_car",3,"Sunday","13:00",0,3,"1",4,4
"61082b9ba953942544f4a598",19,"Bus",3,"Sunday","13:00",0,3,"-1",1,1
"61082b9ea953942544f4a599",20,"truck",1,"Saturday","17:00",0,1,"1",5,5
"61082ca3a953942544f4a59a",0,"Private_car",3,"Thursday","13:00",0,3,"1",4,4
"61082ca7a953942544f4a59b",1,"Bus",3,"Monday","13:00",0,3,"-1",1,1
"61082caaa953942544f4a59c",2,"truck",1,"Sunday","17:00",0,1,"1",5,6
"61082cada953942544f4a59d",3,"Private_car",3,"Sunday","13:00",0,3,"1",4,5
"61082cb0a953942544f4a59e",4,"Bus",3,"Monday","14:00",0,3,"-1",1,1
"61082cb3a953942544f4a59f",5,"truck",1,"Sunday","17:00",0,1,"1",5,5
"61082cb6a953942544f4a5a0",6,"Private_car",3,"Sunday","13:00",0,3,"1",4,5
"61082cb9a953942544f4a5a1",7,"Bus",3,"Sunday","14:00",0,3,"-1",1,1
"61082cbca953942544f4a5a2",8,"truck",1,"Sunday","17:00",0,1,"1",5,5
"61082cbfa953942544f4a5a3",9,"Private_car",3,"Thursday","13:00",0,3,"1",4,5
"61082cc2a953942544f4a5a4",10,"Bus",3,"Monday","13:00",0,3,"-1",1,1
"61082cc5a953942544f4a5a5",11,"truck",1,"Sunday","17:00",0,1,"1",5,6
"61082cc8a953942544f4a5a6",12,"Private_car",3,"Thursday","13:00",0,3,"1",4,5
"61082ccba953942544f4a5a7",13,"Bus",3,"Sunday","13:00",0,3,"-1",1,2
"61082ccea953942544f4a5a8",14,"truck",1,"Saturday","17:00",0,1,"1",5,5
"61082cd1a953942544f4a5a9",15,"Private_car",3,"Sunday","13:00",0,3,"1",4,4
"61082cd4a953942544f4a5aa",16,"Bus",3,"Monday","14:00",0,3,"-1",1,1
"61082cd7a953942544f4a5ab",17,"truck",1,"Saturday","17:00",0,1,"1",5,5
"61082cdaa953942544f4a5ac",18,"Private_car",3,"Thursday","13:00",0,3,"1",4,5
"61082cdda953942544f4a5ad",19,"Bus",3,"Sunday","13:00",0,3,"-1",1,2
"61082ce0a953942544f4a5ae",20,"truck",1,"Saturday","17:00",0,1,"1",5,6
"61082e72a953942544f4a5af",0,"Private_car",3,"Sunday","13:00",0,3,"1",4,5
"61082e75a953942544f4a5b0",1,"Bus",3,"Monday","13:00",0,3,"-1",1,2
"61082e78a953942544f4a5b1",2,"truck",1,"Sunday","17:00",0,1,"1",5,5
"61082e7ba953942544f4a5b2",3,"Private_car",3,"Thursday","13:00",0,3,"1",4,4
"61082e7ea953942544f4a5b3",4,"Bus",3,"Monday","14:00",0,3,"-1",1,2
"61082e81a953942544f4a5b4",5,"truck",1,"Sunday","17:00",0,1,"1",5,6
"61082e84a953942544f4a5b5",6,"Private_car",3,"Thursday","13:00",0,3,"1",4,5
"61082e87a953942544f4a5b6",7,"Bus",3,"Sunday","14:00",0,3,"-1",1,2
"61082e8aa953942544f4a5b7",8,"truck",1,"Sunday","17:00",0,1,"1",5,6
"61082e8da953942544f4a5b8",9,"Private_car",3,"Thursday","13:00",0,3,"1",4,5
"61082e90a953942544f4a5b9",10,"Bus",3,"Sunday","14:00",0,3,"-1",1,2
"61082e93a953942544f4a5ba",11,"truck",1,"Saturday","17:00",0,1,"1",5,5
"61082e96a953942544f4a5bb",12,"Private_car",3,"Thursday","13:00",0,3,"1",4,4
"61082e99a953942544f4a5bc",13,"Bus",3,"Sunday","13:00",0,3,"-1",1,2
"61082e9ca953942544f4a5bd",14,"truck",1,"Sunday","17:00",0,1,"1",5,6
"61082e9fa953942544f4a5be",15,"Private_car",3,"Sunday","13:00",0,3,"1",4,5
"61082ea2a953942544f4a5bf",16,"Bus",3,"Sunday","14:00",0,3,"-1",1,1
"61082ea5a953942544f4a5c0",17,"truck",1,"Sunday","17:00",0,1,"1",5,5
"61082ea8a953942544f4a5c1",18,"Private_car",3,"Sunday","13:00",0,3,"1",4,5
"61082eaba953942544f4a5c2",19,"Bus",3,"Monday","14:00",0,3,"-1",1,1
"61082eaea953942544f4a5c3",20,"truck",1,"Sunday","17:00",0,1,"1",5,5
"61082fafa953942544f4a5c4",0,"Private_car",5,"Wednesday","17:00",0,5,"-1",2,2
"61082fb2a953942544f4a5c5",1,"Bus",1,"Saturday","15:00",0,1,"1",4,5
"61082fb5a953942544f4a5c6",2,"truck",6,"Wednesday","13:00",0,6,"-1",1,1
"61082ffca953942544f4a5c7",0,"Private_car",3,"Thursday","13:00",0,3,"1",4,4
"61082fffa953942544f4a5c8",1,"Bus",3,"Monday","14:00",0,3,"-1",1,2
"61083002a953942544f4a5c9",2,"truck",1,"Saturday","17:00",0,1,"1",5,6
"61083005a953942544f4a5ca",3,"Private_car",3,"Sunday","13:00",0,3,"1",4,5
"61083008a953942544f4a5cb",4,"Bus",3,"Monday","14:00",0,3,"-1",1,1
"6108300ba953942544f4a5cc",5,"truck",1,"Saturday","17:00",0,1,"1",5,6
"6108300ea953942544f4a5cd",6,"Private_car",3,"Thursday","13:00",0,3,"1",4,4
"61083011a953942544f4a5ce",7,"Bus",3,"Monday","14:00",0,3,"-1",1,1
"61083014a953942544f4a5cf",8,"truck",1,"Sunday","17:00",0,1,"1",5,6
"61083017a953942544f4a5d0",9,"Private_car",3,"Thursday","13:00",0,3,"1",4,5
"6108301aa953942544f4a5d1",10,"Bus",3,"Sunday","13:00",0,3,"-1",1,1
"6108301da953942544f4a5d2",11,"truck",1,"Saturday","17:00",0,1,"1",5,6
"61083020a953942544f4a5d3",12,"Private_car",3,"Sunday","13:00",0,3,"1",4,4
"61083023a953942544f4a5d4",13,"Bus",3,"Monday","13:00",0,3,"-1",1,2
"61083026a953942544f4a5d5",14,"truck",1,"Sunday","17:00",0,1,"1",5,6
"61083029a953942544f4a5d6",15,"Private_car",3,"Sunday","13:00",0,3,"1",4,4
"6108302ca953942544f4a5d7",16,"Bus",3,"Sunday","14:00",0,3,"-1",1,2
"6108302fa953942544f4a5d8",17,"truck",1,"Sunday","17:00",0,1,"1",5,6
"61083032a953942544f4a5d9",18,"Private_car",3,"Sunday","13:00",0,3,"1",4,5
"61083035a953942544f4a5da",19,"Bus",3,"Sunday","13:00",0,3,"-1",1,1
"61083039a953942544f4a5db",20,"truck",1,"Saturday","17:00",0,1,"1",5,6
"6108ef3132109133a8611d6d",0,"Private_car",3,"Sunday","13:00",0,3,"1",4,4
"6108ef3332109133a8611d6e",1,"Bus",3,"Sunday","13:00",0,3,"-1",1,2
"6108ef3632109133a8611d6f",2,"truck",1,"Sunday","17:00",0,1,"1",5,5
"6108ef3a32109133a8611d70",3,"Private_car",3,"Thursday","13:00",0,3,"1",4,5
"6108ef3d32109133a8611d71",4,"Bus",3,"Sunday","13:00",0,3,"-1",1,1
"6108ef3f32109133a8611d72",5,"truck",1,"Sunday","17:00",0,1,"1",5,5
"6108ef4232109133a8611d73",6,"Private_car",3,"Sunday","13:00",0,3,"1",4,5
"6108ef4632109133a8611d74",7,"Bus",3,"Sunday","13:00",0,3,"-1",1,2
"6108ef4832109133a8611d75",8,"truck",1,"Saturday","17:00",0,1,"1",5,6
"6108ef4c32109133a8611d76",9,"Private_car",3,"Sunday","13:00",0,3,"1",4,5
"6108ef4f32109133a8611d77",10,"Bus",3,"Sunday","13:00",0,3,"-1",1,2
"6108ef5232109133a8611d78",11,"truck",1,"Sunday","17:00",0,1,"1",5,6
"6108ef5532109133a8611d79",12,"Private_car",3,"Sunday","13:00",0,3,"1",4,5
"6108ef5832109133a8611d7a",13,"Bus",3,"Monday","13:00",0,3,"-1",1,2
"6108ef5b32109133a8611d7b",14,"truck",1,"Saturday","17:00",0,1,"1",5,5
"6108ef5e32109133a8611d7c",15,"Private_car",3,"Sunday","13:00",0,3,"1",4,5
"6108ef6132109133a8611d7d",16,"Bus",3,"Monday","13:00",0,3,"-1",1,2
"6108ef6432109133a8611d7e",17,"truck",1,"Saturday","17:00",0,1,"1",5,5
"6108ef6732109133a8611d7f",18,"Private_car",3,"Sunday","13:00",0,3,"1",4,4
"6108ef6a32109133a8611d80",19,"Bus",3,"Monday","14:00",0,3,"-1",1,2
"6108ef6d32109133a8611d81",20,"truck",1,"Sunday","17:00",0,1,"1",5,6
"6108f14332109133a8611d82",0,"Private_car",5,"Wednesday","14:00",0,5,"-1",2,2
"6108f14732109133a8611d83",1,"Bus",1,"Friday","17:00",0,1,"1",4,4
"6108f14a32109133a8611d84",2,"truck",6,"Friday","15:00",0,6,"-1",1,1
"6108f14d32109133a8611d85",3,"Private_car",5,"Monday","14:00",0,5,"-1",2,2
"6108f15032109133a8611d86",4,"Bus",1,"Wednesday","17:00",0,1,"1",4,4
"6108f15332109133a8611d87",5,"truck",6,"Tuesday","14:00",0,6,"-1",1,1
"6108f15632109133a8611d88",6,"Private_car",5,"Monday","15:00",0,5,"-1",2,2
"6108f15932109133a8611d89",7,"Bus",1,"Wednesday","17:00",0,1,"1",4,4
"6108f15c32109133a8611d8a",8,"truck",6,"Wednesday","14:00",0,6,"-1",1,2
"6108f15f32109133a8611d8b",9,"Private_car",5,"Wednesday","16:00",0,5,"-1",2,2
"6108f16232109133a8611d8c",10,"Bus",1,"Thursday","15:00",0,1,"1",4,5
"6108f16532109133a8611d8d",11,"truck",6,"Friday","15:00",0,6,"-1",1,1
"6108f16832109133a8611d8e",12,"Private_car",5,"Wednesday","13:00",0,5,"-1",2,2
"6108f16b32109133a8611d8f",13,"Bus",1,"Wednesday","17:00",0,1,"1",4,5
"6108f16e32109133a8611d90",14,"truck",6,"Friday","13:00",0,6,"-1",1,2
"6108f17132109133a8611d91",15,"Private_car",5,"Tuesday","16:00",0,5,"-1",2,3
"6108f17432109133a8611d92",16,"Bus",1,"Friday","16:00",0,1,"1",4,4
"6108f17732109133a8611d93",17,"truck",6,"Wednesday","13:00",0,6,"-1",1,2
"6108f17a32109133a8611d94",18,"Private_car",5,"Tuesday","15:00",0,5,"-1",2,2
"6108f17d32109133a8611d95",19,"Bus",1,"Friday","16:00",0,1,"1",4,5
"6108f18032109133a8611d96",20,"truck",6,"Thursday","15:00",0,6,"-1",1,1
"6108f1e432109133a8611d97",0,"Private_car",5,"Wednesday","15:00",0,5,"-1",2,3
"6108f1e632109133a8611d98",1,"Bus",1,"Friday","17:00",0,1,"1",4,4
"6108f1e932109133a8611d99",2,"truck",6,"Tuesday","15:00",0,6,"-1",1,2
"6108f1ec32109133a8611d9a",3,"Private_car",5,"Tuesday","14:00",0,5,"-1",2,3
"6108f1ef32109133a8611d9b",4,"Bus",1,"Thursday","16:00",0,1,"1",4,5
"6108f1f232109133a8611d9c",5,"truck",6,"Monday","15:00",0,6,"-1",1,2
"6108f1f532109133a8611d9d",6,"Private_car",5,"Wednesday","17:00",0,5,"-1",2,3
"6108f1f832109133a8611d9e",7,"Bus",1,"Friday","15:00",0,1,"1",4,4
"6108f1fb32109133a8611d9f",8,"truck",6,"Wednesday","14:00",0,6,"-1",1,1
"6108f1ff32109133a8611da0",9,"Private_car",5,"Tuesday","16:00",0,5,"-1",2,2
"6108f20232109133a8611da1",10,"Bus",1,"Tuesday","16:00",0,1,"1",4,4
"6108f20532109133a8611da2",11,"truck",6,"Monday","13:00",0,6,"-1",1,1
"6108f20832109133a8611da3",12,"Private_car",5,"Wednesday","13:00",0,5,"-1",2,2
"6108f20b32109133a8611da4",13,"Bus",1,"Friday","17:00",0,1,"1",4,5
"6108f20e32109133a8611da5",14,"truck",6,"Thursday","15:00",0,6,"-1",1,2
"6108f21132109133a8611da6",15,"Private_car",5,"Monday","17:00",0,5,"-1",2,2
"6108f21432109133a8611da7",16,"Bus",1,"Saturday","17:00",0,1,"1",4,4
"6108f21732109133a8611da8",17,"truck",6,"Friday","13:00",0,6,"-1",1,1
"6108f21a32109133a8611da9",18,"Private_car",5,"Wednesday","15:00",0,5,"-1",2,3
"6108f21d32109133a8611daa",19,"Bus",1,"Thursday","16:00",0,1,"1",4,5
"6108f22032109133a8611dab",20,"truck",6,"Thursday","16:00",0,6,"-1",1,2
"6108f53832109133a8611dac",0,"Private_car",3,"Sunday","13:00",0,3,"1",4,4
"6108f53c32109133a8611dad",1,"Bus",3,"Sunday","13:00",0,3,"-1",1,2
"6108f53f32109133a8611dae",2,"truck",1,"Sunday","17:00",0,1,"1",5,5
"6108f54232109133a8611daf",3,"Private_car",3,"Thursday","13:00",0,3,"1",4,4
"6108f54532109133a8611db0",4,"Bus",3,"Sunday","13:00",0,3,"-1",1,2
"6108f54832109133a8611db1",5,"truck",1,"Sunday","17:00",0,1,"1",5,6
"6108f54b32109133a8611db2",6,"Private_car",3,"Thursday","13:00",0,3,"1",4,4
"6108f54e32109133a8611db3",7,"Bus",3,"Monday","14:00",0,3,"-1",1,1
"6108f55132109133a8611db4",8,"truck",1,"Saturday","17:00",0,1,"1",5,6
"6108f55432109133a8611db5",9,"Private_car",3,"Sunday","13:00",0,3,"1",4,5
"6108f55732109133a8611db6",10,"Bus",3,"Sunday","13:00",0,3,"-1",1,2
"6108f55a32109133a8611db7",11,"truck",1,"Sunday","17:00",0,1,"1",5,5
"6108f55d32109133a8611db8",12,"Private_car",3,"Sunday","13:00",0,3,"1",4,5
"6108f56032109133a8611db9",13,"Bus",3,"Sunday","13:00",0,3,"-1",1,2
"6108f56332109133a8611dba",14,"truck",1,"Saturday","17:00",0,1,"1",5,6
"6108f56632109133a8611dbb",15,"Private_car",3,"Sunday","13:00",0,3,"1",4,4
"6108f56932109133a8611dbc",16,"Bus",3,"Sunday","14:00",0,3,"-1",1,1
"6108f56c32109133a8611dbd",17,"truck",1,"Sunday","17:00",0,1,"1",5,6
"6108f56f32109133a8611dbe",18,"Private_car",3,"Sunday","13:00",0,3,"1",4,5
"6108f57232109133a8611dbf",19,"Bus",3,"Sunday","13:00",0,3,"-1",1,1
"6108f57532109133a8611dc0",20,"truck",1,"Sunday","17:00",0,1,"1",5,6
"6108f68d32109133a8611dc1",0,"Private_car",5,"Tuesday","17:00",0,5,"-1",2,3
"6108f69032109133a8611dc2",1,"Bus",1,"Wednesday","15:00",0,1,"1",4,4
"6108f69332109133a8611dc3",2,"truck",6,"Monday","15:00",0,6,"-1",1,1
"6108f69632109133a8611dc4",3,"Private_car",5,"Tuesday","14:00",0,5,"-1",2,2
"6108f69932109133a8611dc5",4,"Bus",1,"Friday","17:00",0,1,"1",4,4
"6108f69c32109133a8611dc6",5,"truck",6,"Wednesday","16:00",0,6,"-1",1,1
"6108f69f32109133a8611dc7",6,"Private_car",5,"Wednesday","16:00",0,5,"-1",2,2
"6108f6a232109133a8611dc8",7,"Bus",1,"Saturday","17:00",0,1,"1",4,5
"6108f6a532109133a8611dc9",8,"truck",6,"Friday","16:00",0,6,"-1",1,2
"6108f6a832109133a8611dca",9,"Private_car",5,"Wednesday","17:00",0,5,"-1",2,2
"6108f6ab32109133a8611dcb",10,"Bus",1,"Friday","17:00",0,1,"1",4,5
"6108f6ae32109133a8611dcc",11,"truck",6,"Friday","16:00",0,6,"-1",1,2
"6108f6b132109133a8611dcd",12,"Private_car",5,"Monday","14:00",0,5,"-1",2,3
"6108f6b432109133a8611dce",13,"Bus",1,"Wednesday","17:00",0,1,"1",4,4
"6108f6b732109133a8611dcf",14,"truck",6,"Friday","13:00",0,6,"-1",1,1
"6108f6ba32109133a8611dd0",15,"Private_car",5,"Monday","17:00",0,5,"-1",2,2
"6108f6bd32109133a8611dd1",16,"Bus",1,"Friday","15:00",0,1,"1",4,5
"6108f6c032109133a8611dd2",17,"truck",6,"Friday","14:00",0,6,"-1",1,1
"6108f6c332109133a8611dd3",18,"Private_car",5,"Wednesday","13:00",0,5,"-1",2,3
"6108f6c632109133a8611dd4",19,"Bus",1,"Wednesday","16:00",0,1,"1",4,5
"6108f6c932109133a8611dd5",20,"truck",6,"Tuesday","14:00",0,6,"-1",1,1
"6108f6cc32109133a8611dd6",21,"Private_car",5,"Wednesday","16:00",0,5,"-1",2,2
"6108f6cf32109133a8611dd7",22,"Bus",1,"Wednesday","16:00",0,1,"1",4,4
"6108f6d232109133a8611dd8",23,"truck",6,"Monday","14:00",0,6,"-1",1,2
"6108f6d532109133a8611dd9",24,"Private_car",5,"Wednesday","16:00",0,5,"-1",2,3
"6108f6d832109133a8611dda",25,"Bus",1,"Friday","17:00",0,1,"1",4,5
"6108f6db32109133a8611ddb",26,"truck",6,"Tuesday","14:00",0,6,"-1",1,1
"6108f6de32109133a8611ddc",27,"Private_car",5,"Wednesday","17:00",0,5,"-1",2,3
"6108f6e132109133a8611ddd",28,"Bus",1,"Wednesday","16:00",0,1,"1",4,4
"6108f6e432109133a8611dde",29,"truck",6,"Friday","13:00",0,6,"-1",1,2
"6109226bd9aac74ebcfac72b",0,"Private_car",5,"Monday","15:00",0,5,"-1",2,3
"61092473d9aac74ebcfac72c",0,"Private_car",3,"Thursday","13:00",0,3,"1",4,4
"61092475d9aac74ebcfac72d",1,"Bus",3,"Monday","14:00",0,3,"-1",1,1
"61092479d9aac74ebcfac72e",2,"truck",1,"Sunday","17:00",0,1,"1",5,6
"6109247bd9aac74ebcfac72f",3,"Private_car",3,"Thursday","13:00",0,3,"1",4,4
"6109247fd9aac74ebcfac730",4,"Bus",3,"Monday","13:00",0,3,"-1",1,2
"61092485d9aac74ebcfac731",6,"Private_car",3,"Sunday","13:00",0,3,"1",4,4
"6109494d041efd2978794deb",1,"Bus",3,"Sunday","13:00",0,3,"-1",1,2
"61094950041efd2978794dec",0,"Private_car",3,"Thursday","13:00",0,3,"1",4,4
"61094953041efd2978794ded",4,"Bus",3,"Sunday","14:00",0,3,"-1",1,1
"61094956041efd2978794dee",5,"truck",1,"Saturday","17:00",0,1,"1",5,5
"61094959041efd2978794def",2,"truck",1,"Saturday","17:00",0,1,"1",5,5
"6109495c041efd2978794df0",3,"Private_car",3,"Sunday","13:00",0,3,"1",4,4
"6109495f041efd2978794df1",0,"Private_car",3,"Sunday","13:00",0,3,"1",4,4
"61094962041efd2978794df2",1,"Bus",3,"Sunday","14:00",0,3,"-1",1,2
"61094965041efd2978794df3",2,"truck",1,"Sunday","17:00",0,1,"1",5,6
"61094968041efd2978794df4",3,"Private_car",3,"Sunday","13:00",0,3,"1",4,4
"6109496b041efd2978794df5",4,"Bus",3,"Sunday","13:00",0,3,"-1",1,1
"6109496e041efd2978794df6",5,"truck",1,"Saturday","17:00",0,1,"1",5,6
"61094971041efd2978794df7",6,"Private_car",3,"Thursday","13:00",0,3,"1",4,5
"61094974041efd2978794df8",7,"Bus",3,"Sunday","14:00",0,3,"-1",1,1
"61094987e35e4150784f6fa8",10,"Bus",3,"Monday","14:00",0,3,"-1",1,1
"61094a2ce35e4150784f6fa9",0,"Private_car",3,"Sunday","13:00",0,3,"1",4,4
"61094a2fe35e4150784f6faa",1,"Bus",3,"Monday","13:00",0,3,"-1",1,2
"61094a32e35e4150784f6fab",2,"truck",1,"Sunday","17:00",0,1,"1",5,5
"61094a35e35e4150784f6fac",3,"Private_car",3,"Thursday","13:00",0,3,"1",4,5
"61094a38e35e4150784f6fad",4,"Bus",3,"Monday","13:00",0,3,"-1",1,2
"61094a3be35e4150784f6fae",5,"truck",1,"Sunday","17:00",0,1,"1",5,6
"61094a3ee35e4150784f6faf",6,"Private_car",3,"Thursday","13:00",0,3,"1",4,5
"61094a41e35e4150784f6fb0",7,"Bus",3,"Monday","13:00",0,3,"-1",1,1
"61094a44e35e4150784f6fb1",8,"truck",1,"Sunday","17:00",0,1,"1",5,6
"61094a47e35e4150784f6fb2",9,"Private_car",3,"Thursday","13:00",0,3,"1",4,5
"61094a4ae35e4150784f6fb3",10,"Bus",3,"Sunday","14:00",0,3,"-1",1,1
"61094a4de35e4150784f6fb4",11,"truck",1,"Sunday","17:00",0,1,"1",5,6